PassengerId,Survived,Pclass,Name,Sex,Age,SibSp,Parch,Ticket,Fare,Cabin,Embarked,FamilySize,Title,TravelClass
1,0,1,Passenger_1,male,32.4,4,3,TKT94101,101.97,E46,Q,8,Miss,Economy
2,1,3,Passenger_2,female,,3,1,TKT62248,155.22,,C,5,Miss,First
3,1,3,Passenger_3,female,15.9,1,3,TKT65798,202.37,,Q,5,Miss,Business
4,0,1,Passenger_4,male,,0,2,TKT54116,78.42,,C,3,Master,Business
5,0,3,Passenger_5,female,48.4,1,2,TKT85318,240.72,nan,S,4,Mrs,First
6,0,3,Passenger_6,female,28.3,1,0,TKT97902,136.23,nan,Q,2,Mrs,Economy
7,0,3,Passenger_7,male,1.0,0,2,TKT38557,156.48,nan,Q,3,Master,Economy
8,1,2,Passenger_8,female,21.5,0,1,TKT81334,171.76,,C,2,Mrs,Business
9,0,2,Passenger_9,male,48.2,4,2,TKT85163,168.35,,C,7,Mrs,Economy
10,1,3,Passenger_10,male,29.7,4,0,TKT88002,130.19,,C,5,Master,First
11,0,1,Passenger_11,female,16.0,0,3,TKT52614,110.05,,Q,4,Mr,First
12,1,1,Passenger_12,male,22.9,2,3,TKT22720,18.18,,S,6,Mrs,Business
13,1,3,Passenger_13,male,41.8,4,2,TKT67608,10.41,nan,S,7,Master,Business
14,0,3,Passenger_14,male,37.7,2,1,TKT82095,92.7,D56,C,4,Miss,Business
15,0,2,Passenger_15,male,26.7,0,0,TKT94694,86.75,nan,S,1,Mr,Economy
16,0,2,Passenger_16,male,24.9,4,1,TKT97593,99.99,,C,6,Miss,First
17,0,3,Passenger_17,male,24.5,1,0,TKT45892,38.9,,S,2,Mrs,First
18,0,2,Passenger_18,male,17.1,0,2,TKT87242,185.85,,Q,3,Mr,First
19,0,1,Passenger_19,male,52.6,3,0,TKT87606,214.96,C85,C,4,Master,Business
20,0,1,Passenger_20,female,25.5,2,0,TKT10924,234.99,C123,S,3,Mrs,First
21,0,3,Passenger_21,female,47.0,0,2,TKT61322,125.63,,Q,3,Master,Economy
22,0,3,Passenger_22,female,51.3,0,1,TKT36478,176.71,,S,2,Mr,Economy
23,0,1,Passenger_23,male,,4,2,TKT81042,214.61,,Q,7,Miss,First
24,0,1,Passenger_24,male,24.0,4,0,TKT56418,107.48,,Q,5,Mrs,Business
25,0,1,Passenger_25,female,35.7,4,2,TKT72217,80.81,E46,S,7,Mrs,First
26,1,3,Passenger_26,female,29.7,3,0,TKT90846,234.5,C123,S,4,Master,Economy
27,0,1,Passenger_27,female,17.3,4,2,TKT83762,131.34,C123,Q,7,Mr,Economy
28,0,1,Passenger_28,male,34.5,0,3,TKT21781,126.83,C123,,4,Master,Economy
29,0,3,Passenger_29,female,13.5,4,3,TKT15515,48.71,D56,Q,8,Mr,First
30,0,1,Passenger_30,female,,1,2,TKT46133,31.5,B28,C,4,Mrs,Economy
31,0,3,Passenger_31,male,23.5,4,1,TKT92508,211.32,,Q,6,Mr,Business
32,0,1,Passenger_32,female,32.8,3,0,TKT86946,155.46,nan,C,4,Mrs,First
33,0,1,Passenger_33,male,34.0,1,3,TKT95058,84.83,,,5,Mr,First
34,1,2,Passenger_34,male,26.4,0,1,TKT19095,51.98,nan,C,2,Miss,Economy
35,1,3,Passenger_35,male,38.2,0,0,TKT98583,141.1,D56,Q,1,Mr,Economy
36,1,3,Passenger_36,female,,2,3,TKT30470,148.06,,Q,6,Miss,Business
37,0,3,Passenger_37,female,42.2,1,3,TKT53129,55.71,nan,Q,5,Mr,First
38,0,2,Passenger_38,male,11.2,2,2,TKT18531,213.59,,S,5,Mr,Economy
39,1,3,Passenger_39,female,31.8,1,0,TKT47038,25.64,,S,2,Master,Business
40,0,1,Passenger_40,female,57.1,1,1,TKT97939,92.24,,Q,3,Master,Economy
41,0,2,Passenger_41,female,16.0,3,1,TKT52674,171.69,,C,5,Mrs,First
42,0,3,Passenger_42,female,20.5,2,1,TKT92476,72.16,,C,4,Master,Economy
43,0,1,Passenger_43,male,,3,0,TKT39831,207.78,C123,Q,4,Mr,First
44,1,1,Passenger_44,female,32.5,1,1,TKT67174,186.27,C85,S,3,Master,Economy
45,0,1,Passenger_45,male,34.9,0,1,TKT21279,198.31,C85,C,2,Mr,First
46,1,1,Passenger_46,male,,1,1,TKT48220,34.18,E46,S,3,Miss,Business
47,0,1,Passenger_47,female,38.9,3,2,TKT70610,39.43,B28,C,6,Mr,First
48,0,3,Passenger_48,male,45.5,2,2,TKT62719,75.19,,Q,5,Mrs,Business
49,0,2,Passenger_49,female,35.7,2,0,TKT63051,131.93,,S,3,Miss,First
50,0,3,Passenger_50,female,26.6,3,0,TKT82013,188.26,,C,4,Mrs,Business
51,1,3,Passenger_51,male,39.4,2,1,TKT66652,209.95,,Q,4,Mrs,Economy
52,1,2,Passenger_52,male,56.6,4,2,TKT75524,177.56,E46,Q,7,Mrs,First
53,1,2,Passenger_53,male,28.1,0,3,TKT92936,232.51,,Q,4,Master,Economy
54,1,2,Passenger_54,male,16.4,0,3,TKT16470,185.99,C123,S,4,Mrs,Business
55,0,3,Passenger_55,female,45.5,0,1,TKT77598,80.04,E46,S,2,Miss,First
56,1,2,Passenger_56,female,28.3,2,1,TKT51798,69.94,,Q,4,Mr,First
57,0,3,Passenger_57,female,1.0,2,2,TKT63473,175.57,,S,5,Mrs,Economy
58,0,2,Passenger_58,male,41.9,1,2,TKT29880,52.25,C123,C,4,Miss,First
59,0,3,Passenger_59,male,22.5,1,2,TKT54439,27.72,,Q,4,Mrs,First
60,0,2,Passenger_60,male,28.7,0,0,TKT24308,135.39,D56,Q,1,Mr,Economy
61,0,2,Passenger_61,female,34.6,4,0,TKT45081,206.3,,S,5,Miss,First
62,0,3,Passenger_62,male,32.7,1,1,TKT85242,29.84,,Q,3,Miss,Economy
63,1,3,Passenger_63,female,39.9,1,0,TKT60383,199.01,C85,C,2,Mr,Economy
64,0,1,Passenger_64,male,,2,2,TKT19837,203.84,,S,5,Miss,Economy
65,0,3,Passenger_65,female,37.2,4,2,TKT62151,123.16,D56,S,7,Mr,Economy
66,0,3,Passenger_66,female,26.4,0,0,TKT46824,19.04,,Q,1,Miss,Economy
67,0,3,Passenger_67,male,,1,3,TKT43073,47.77,,Q,5,Miss,Business
68,1,3,Passenger_68,male,38.6,4,1,TKT36299,178.32,,Q,6,Mr,Business
69,0,2,Passenger_69,female,16.9,4,3,TKT68861,179.39,,S,8,Mr,Economy
70,1,1,Passenger_70,female,,0,1,TKT40063,225.1,D56,Q,2,Miss,Business
71,1,2,Passenger_71,male,22.5,4,3,TKT79453,147.76,C123,C,8,Miss,Business
72,0,3,Passenger_72,male,41.3,4,0,TKT78472,35.41,,Q,5,Mr,First
73,0,3,Passenger_73,female,,4,1,TKT24506,34.75,,Q,6,Master,Economy
74,1,2,Passenger_74,male,55.7,1,1,TKT89854,181.68,D56,S,3,Mr,Business
75,1,1,Passenger_75,female,26.9,0,1,TKT36026,50.03,,Q,2,Miss,First
76,1,3,Passenger_76,female,25.1,4,2,TKT37672,85.45,,S,7,Miss,First
77,1,3,Passenger_77,male,29.7,4,2,TKT48417,124.37,,Q,7,Miss,Economy
78,0,3,Passenger_78,male,,1,3,TKT62413,11.07,nan,C,5,Mr,Economy
79,0,1,Passenger_79,male,41.2,0,0,TKT75066,65.96,,C,1,Miss,First
80,0,2,Passenger_80,male,7.4,2,2,TKT69213,104.93,,S,5,Master,Economy
81,1,1,Passenger_81,male,15.2,1,1,TKT60971,73.51,,S,3,Mrs,Economy
82,1,3,Passenger_82,female,15.1,0,2,TKT37281,38.41,,Q,3,Master,First
83,0,1,Passenger_83,female,43.3,4,0,TKT38091,183.36,,Q,5,Mr,First
84,0,3,Passenger_84,male,,0,2,TKT60494,204.22,,C,3,Miss,Economy
85,0,2,Passenger_85,male,28.5,0,1,TKT28610,68.08,,Q,2,Mr,Business
86,0,3,Passenger_86,male,27.6,0,3,TKT11079,194.73,C123,C,4,Mrs,Economy
87,1,3,Passenger_87,female,31.0,2,1,TKT56751,99.46,D56,S,4,Mr,Business
88,1,3,Passenger_88,male,46.3,0,0,TKT96126,,nan,Q,1,Miss,First
89,1,1,Passenger_89,male,17.0,2,3,TKT65432,214.72,C123,S,6,Mrs,Business
90,0,1,Passenger_90,female,33.3,4,2,TKT40951,188.74,D56,Q,7,Mrs,First
91,0,1,Passenger_91,female,43.7,2,2,TKT90863,202.25,,C,5,Miss,Economy
92,1,3,Passenger_92,male,37.0,4,2,TKT88291,38.53,,,7,Miss,Economy
93,1,3,Passenger_93,male,32.7,4,3,TKT69872,22.08,C85,S,8,Miss,First
94,0,3,Passenger_94,male,44.0,2,1,TKT17235,223.88,,Q,4,Mr,First
95,1,3,Passenger_95,female,1.0,1,3,TKT92733,100.02,,S,5,Master,First
96,0,3,Passenger_96,male,39.5,3,3,TKT72712,75.53,C123,C,7,Mr,Economy
97,0,1,Passenger_97,male,20.8,0,0,TKT31473,182.55,,S,1,Mr,Economy
98,0,3,Passenger_98,male,4.4,3,3,TKT77567,209.92,nan,S,7,Master,Business
99,0,2,Passenger_99,female,37.2,0,2,TKT89823,216.31,,,3,Miss,First
100,0,2,Passenger_100,female,,0,1,TKT42230,82.42,C123,S,2,Miss,Business
101,0,3,Passenger_101,male,28.1,4,1,TKT94573,213.79,nan,Q,6,Master,Economy
102,1,1,Passenger_102,male,,0,1,TKT78876,15.03,C123,Q,2,Master,Business
103,0,1,Passenger_103,female,,0,2,TKT50644,17.17,C123,S,3,Mr,Business
104,0,3,Passenger_104,female,,2,2,TKT58664,157.76,E46,C,5,Mrs,Economy
105,1,1,Passenger_105,female,53.0,3,2,TKT55203,20.46,C85,Q,6,Master,Economy
106,0,3,Passenger_106,female,40.4,2,2,TKT76677,84.53,,S,5,Mr,First
107,0,2,Passenger_107,female,31.1,0,2,TKT35425,169.83,C123,Q,3,Mrs,Business
108,1,2,Passenger_108,female,7.6,4,3,TKT94817,87.63,C85,C,8,Miss,Economy
109,0,2,Passenger_109,female,,2,2,TKT95961,49.0,nan,C,5,Miss,Economy
110,0,2,Passenger_110,female,,2,2,TKT79806,73.93,,Q,5,Mr,Business
111,0,3,Passenger_111,female,60.4,1,2,TKT52814,117.11,C123,C,4,Mr,Economy
112,0,2,Passenger_112,male,27.5,0,2,TKT80219,121.47,,S,3,Master,First
113,1,3,Passenger_113,male,31.7,4,1,TKT59646,196.84,,S,6,Miss,First
114,1,3,Passenger_114,male,37.7,2,2,TKT49884,188.79,,Q,5,Mr,Business
115,1,3,Passenger_115,female,30.6,2,3,TKT79322,116.92,nan,C,6,Miss,First
116,1,3,Passenger_116,male,53.7,4,3,TKT31650,212.19,nan,S,8,Miss,Economy
117,1,3,Passenger_117,female,,0,3,TKT19190,,C123,S,4,Master,Economy
118,0,1,Passenger_118,female,,1,0,TKT48196,67.56,,S,2,Mrs,Economy
119,1,1,Passenger_119,male,19.6,2,1,TKT49449,207.85,,Q,4,Master,Economy
120,0,2,Passenger_120,female,,1,2,TKT49661,97.61,nan,Q,4,Mr,Business
121,1,3,Passenger_121,male,21.4,3,0,TKT39709,245.39,nan,S,4,Master,First
122,1,1,Passenger_122,male,29.5,0,2,TKT90428,119.23,,S,3,Master,First
123,0,3,Passenger_123,male,24.0,3,0,TKT85179,199.02,,C,4,Miss,Economy
124,0,3,Passenger_124,female,,3,0,TKT19943,103.57,,C,4,Master,Business
125,0,2,Passenger_125,male,10.3,3,3,TKT53240,109.11,D56,C,7,Mr,Economy
126,0,3,Passenger_126,female,28.8,0,3,TKT55760,98.81,,Q,4,Mrs,Economy
127,1,1,Passenger_127,male,8.9,0,0,TKT31042,181.17,,,1,Master,Business
128,1,1,Passenger_128,male,40.6,4,3,TKT53894,139.14,C123,Q,8,Master,Business
129,0,3,Passenger_129,male,31.2,1,0,TKT16869,236.23,,S,2,Mrs,Economy
130,0,3,Passenger_130,female,,1,1,TKT71078,66.47,E46,C,3,Mr,First
131,0,3,Passenger_131,female,25.7,4,3,TKT66759,29.64,C85,C,8,Mr,Economy
132,0,2,Passenger_132,female,19.5,4,3,TKT54306,101.35,B28,C,8,Master,First
133,0,2,Passenger_133,male,34.5,3,3,TKT65371,156.09,C123,C,7,Miss,First
134,0,3,Passenger_134,male,48.8,4,1,TKT30918,215.9,,S,6,Master,Business
135,1,3,Passenger_135,female,3.7,2,0,TKT38379,89.82,D56,C,3,Mrs,Business
136,0,3,Passenger_136,female,31.6,1,2,TKT93232,165.18,,S,4,Mrs,Economy
137,0,2,Passenger_137,female,27.8,4,3,TKT12962,90.8,,S,8,Mrs,First
138,1,3,Passenger_138,female,39.4,2,0,TKT23851,156.22,,Q,3,Master,First
139,0,2,Passenger_139,female,33.0,2,1,TKT55747,221.78,,C,4,Master,Economy
140,1,1,Passenger_140,female,19.5,2,2,TKT62349,61.68,,C,5,Mr,Economy
141,1,3,Passenger_141,male,25.5,2,3,TKT80832,104.04,nan,Q,6,Miss,Economy
142,0,1,Passenger_142,female,18.9,3,1,TKT66356,248.35,,S,5,Master,Business
143,0,3,Passenger_143,male,,2,1,TKT24745,217.8,,C,4,Mr,Economy
144,0,2,Passenger_144,male,30.3,3,2,TKT15730,143.34,E46,S,6,Master,Economy
145,0,1,Passenger_145,female,56.6,3,0,TKT23921,131.57,,Q,4,Mr,First
146,0,3,Passenger_146,female,29.2,2,3,TKT81138,74.73,,S,6,Mr,Economy
147,0,3,Passenger_147,male,,1,3,TKT93111,131.72,E46,C,5,Miss,First
148,0,3,Passenger_148,female,8.8,2,0,TKT29023,212.8,,S,3,Master,First
149,0,3,Passenger_149,female,4.8,2,0,TKT55349,172.87,C123,S,3,Mr,Business
150,0,3,Passenger_150,male,7.8,2,0,TKT91533,76.06,,C,3,Mrs,Economy
151,1,3,Passenger_151,male,33.7,1,2,TKT93286,54.36,,C,4,Mrs,Economy
152,0,3,Passenger_152,male,37.1,0,2,TKT51979,69.98,,S,3,Mrs,First
153,0,2,Passenger_153,female,7.9,0,3,TKT32837,46.59,,,4,Miss,Business
154,0,3,Passenger_154,male,42.5,3,2,TKT24997,28.43,,Q,6,Mr,Business
155,1,1,Passenger_155,female,23.2,3,1,TKT98603,107.69,E46,C,5,Miss,Economy
156,0,3,Passenger_156,male,,1,3,TKT55039,32.76,C85,S,5,Master,First
157,1,3,Passenger_157,male,52.6,4,2,TKT30923,47.12,,C,7,Master,Economy
158,1,1,Passenger_158,male,42.6,0,0,TKT18876,139.09,B28,Q,1,Mr,Economy
159,0,3,Passenger_159,female,26.2,3,1,TKT70973,45.33,D56,S,5,Mrs,Economy
160,1,3,Passenger_160,female,17.5,0,0,TKT12887,20.65,C85,S,1,Mr,Economy
161,0,1,Passenger_161,male,,1,3,TKT73723,82.76,,S,5,Mr,First
162,1,3,Passenger_162,male,19.9,1,0,TKT52422,58.98,B28,C,2,Mr,Business
163,1,3,Passenger_163,male,27.0,4,2,TKT61413,131.25,,Q,7,Miss,Economy
164,0,1,Passenger_164,female,16.2,4,2,TKT12841,30.08,,C,7,Master,Economy
165,0,3,Passenger_165,male,28.2,1,3,TKT38756,189.18,B28,S,5,Mr,Economy
166,1,2,Passenger_166,female,31.1,3,0,TKT81576,227.03,D56,Q,4,Mr,Economy
167,0,3,Passenger_167,male,26.9,0,3,TKT20304,187.14,,S,4,Mr,Business
168,0,3,Passenger_168,male,20.9,2,0,TKT40341,135.54,,S,3,Miss,Business
169,0,3,Passenger_169,male,32.4,4,1,TKT14758,215.86,D56,C,6,Miss,Business
170,0,3,Passenger_170,male,36.2,2,2,TKT27010,175.26,D56,S,5,Miss,Business
171,1,3,Passenger_171,male,14.7,3,3,TKT70758,7.59,,Q,7,Mr,Economy
172,0,3,Passenger_172,male,49.8,4,1,TKT41658,101.55,nan,S,6,Mrs,First
173,0,2,Passenger_173,female,28.6,2,1,TKT59002,213.48,,S,4,Mrs,Business
174,0,3,Passenger_174,male,30.3,3,3,TKT11375,89.74,,C,7,Mrs,Business
175,1,1,Passenger_175,female,39.9,0,3,TKT32092,13.63,C123,Q,4,Master,Economy
176,0,3,Passenger_176,male,33.3,3,1,TKT10490,187.81,,C,5,Mr,Economy
177,1,1,Passenger_177,male,43.3,4,0,TKT13729,201.5,D56,S,5,Mrs,Economy
178,0,1,Passenger_178,female,34.0,1,1,TKT15974,44.35,,C,3,Mrs,Economy
179,1,1,Passenger_179,male,21.4,0,3,TKT95216,136.65,,C,4,Mrs,First
180,0,3,Passenger_180,female,35.1,2,1,TKT93860,52.03,B28,C,4,Mr,First
181,0,2,Passenger_181,female,14.0,4,0,TKT31398,181.21,,C,5,Mrs,Business
182,0,3,Passenger_182,male,31.5,1,2,TKT44650,71.53,,,4,Mrs,First
183,1,1,Passenger_183,female,,3,2,TKT31292,82.47,,S,6,Mr,Business
184,1,2,Passenger_184,female,27.1,1,1,TKT13159,212.02,C123,Q,3,Master,Business
185,0,3,Passenger_185,male,28.2,4,0,TKT72766,121.7,,C,5,Miss,First
186,1,3,Passenger_186,female,3.7,4,2,TKT27065,169.09,E46,C,7,Mrs,Business
187,1,2,Passenger_187,male,22.3,1,1,TKT31638,103.58,C123,Q,3,Miss,Economy
188,0,3,Passenger_188,male,,3,1,TKT11073,78.01,C123,C,5,Master,Business
189,0,3,Passenger_189,male,32.2,1,0,TKT56511,158.24,,,2,Master,Economy
190,0,3,Passenger_190,male,15.6,4,3,TKT94307,42.94,,S,8,Mrs,First
191,0,1,Passenger_191,female,47.7,4,1,TKT39320,96.38,,Q,6,Mr,First
192,1,1,Passenger_192,male,17.9,2,3,TKT79876,,,C,6,Master,Business
193,1,3,Passenger_193,male,,2,3,TKT44924,175.47,E46,Q,6,Miss,Economy
194,1,1,Passenger_194,female,36.0,0,2,TKT91720,236.33,C123,S,3,Miss,Business
195,0,3,Passenger_195,male,21.0,4,3,TKT50734,248.9,,C,8,Miss,First
196,0,3,Passenger_196,male,54.9,2,0,TKT78116,115.32,,S,3,Miss,Business
197,1,3,Passenger_197,female,13.3,1,2,TKT50025,66.87,,S,4,Master,Business
198,1,3,Passenger_198,female,42.9,3,2,TKT12159,113.49,D56,Q,6,Mrs,Economy
199,1,3,Passenger_199,female,44.0,1,2,TKT58940,212.58,E46,S,4,Mrs,First
200,1,2,Passenger_200,female,20.6,3,1,TKT89436,55.47,nan,C,5,Miss,Business
201,1,3,Passenger_201,female,49.5,2,1,TKT86976,238.26,,S,4,Mrs,Economy
202,0,2,Passenger_202,female,26.5,0,3,TKT24678,88.76,,S,4,Miss,Business
203,0,3,Passenger_203,female,34.0,1,2,TKT71075,246.52,C85,Q,4,Miss,Economy
204,1,3,Passenger_204,male,33.6,1,2,TKT57204,210.46,nan,S,4,Mr,Economy
205,0,3,Passenger_205,female,28.1,1,0,TKT22021,203.1,,Q,2,Master,Business
206,0,3,Passenger_206,female,,3,3,TKT16772,82.89,,Q,7,Master,First
207,0,3,Passenger_207,female,41.1,2,0,TKT77163,7.15,,C,3,Miss,First
208,1,2,Passenger_208,male,5.5,1,3,TKT83755,98.62,D56,C,5,Master,Economy
209,0,2,Passenger_209,male,48.3,1,3,TKT33464,78.94,,C,5,Mrs,First
210,0,3,Passenger_210,female,6.7,0,1,TKT61137,14.16,C123,C,2,Miss,Economy
211,0,1,Passenger_211,female,44.5,0,1,TKT40232,128.81,,Q,2,Mr,First
212,1,1,Passenger_212,female,45.8,2,0,TKT71497,103.74,nan,S,3,Mrs,Business
213,1,2,Passenger_213,male,14.7,2,3,TKT84024,160.47,B28,C,6,Mr,First
214,0,2,Passenger_214,male,24.2,4,2,TKT61448,157.19,B28,C,7,Mr,Economy
215,1,2,Passenger_215,female,14.5,0,1,TKT94517,34.58,,C,2,Master,Economy
216,0,1,Passenger_216,male,27.0,4,2,TKT10901,244.36,D56,S,7,Master,First
217,0,1,Passenger_217,female,25.7,3,0,TKT97980,50.8,C85,C,4,Miss,Business
218,1,1,Passenger_218,male,40.9,4,1,TKT93597,114.09,,S,6,Master,Economy
219,1,3,Passenger_219,male,48.3,1,1,TKT12881,124.59,,Q,3,Mr,Economy
220,1,2,Passenger_220,female,49.5,4,3,TKT39863,204.2,B28,Q,8,Mr,Economy
221,1,2,Passenger_221,female,22.1,2,0,TKT15622,29.31,E46,Q,3,Mrs,Economy
222,0,3,Passenger_222,female,27.1,3,3,TKT11378,110.02,B28,,7,Mr,Economy
223,0,1,Passenger_223,female,6.4,1,1,TKT93168,158.98,,C,3,Miss,Business
224,0,3,Passenger_224,male,,4,0,TKT81186,57.71,C123,C,5,Miss,First
225,0,3,Passenger_225,male,,3,1,TKT55201,158.73,,C,5,Master,Business
226,0,1,Passenger_226,male,52.6,3,0,TKT69251,231.3,nan,C,4,Master,Business
227,1,2,Passenger_227,female,12.7,1,1,TKT82572,249.39,,C,3,Master,Economy
228,0,3,Passenger_228,male,21.7,4,2,TKT49255,12.95,,S,7,Miss,Business
229,1,3,Passenger_229,female,29.6,3,2,TKT73212,62.72,,Q,6,Mr,Economy
230,1,3,Passenger_230,male,33.9,3,3,TKT60210,81.03,,C,7,Master,Business
231,1,3,Passenger_231,female,18.7,0,2,TKT32499,102.79,E46,Q,3,Mrs,Economy
232,0,1,Passenger_232,female,,3,1,TKT61628,64.35,D56,S,5,Master,Economy
233,0,3,Passenger_233,male,23.4,0,1,TKT71360,54.85,E46,S,2,Miss,Business
234,0,1,Passenger_234,female,29.8,4,2,TKT14603,238.87,E46,C,7,Master,Business
235,0,3,Passenger_235,female,37.6,4,3,TKT95473,230.04,C85,S,8,Mr,First
236,1,3,Passenger_236,male,30.1,4,2,TKT22632,16.51,,Q,7,Master,First
237,0,3,Passenger_237,female,23.9,2,0,TKT40607,88.01,C85,C,3,Miss,First
238,0,3,Passenger_238,female,28.5,4,0,TKT75756,104.26,,C,5,Miss,Business
239,1,1,Passenger_239,female,28.8,3,0,TKT56994,63.56,,Q,4,Mrs,Business
240,0,1,Passenger_240,male,,1,2,TKT73382,159.07,D56,C,4,Miss,Economy
241,1,1,Passenger_241,male,26.4,0,2,TKT80354,161.89,,C,3,Mrs,First
242,1,1,Passenger_242,female,52.4,2,2,TKT66344,213.37,,Q,5,Mr,Economy
243,1,3,Passenger_243,male,37.9,4,0,TKT63775,186.51,B28,C,5,Miss,Economy
244,0,2,Passenger_244,female,25.9,4,3,TKT17349,137.93,,C,8,Master,Economy
245,0,1,Passenger_245,female,39.8,1,1,TKT81154,165.13,C85,Q,3,Mr,Economy
246,1,3,Passenger_246,female,25.3,1,2,TKT37464,72.13,C123,S,4,Master,First
247,0,3,Passenger_247,female,46.4,2,3,TKT52624,150.3,,Q,6,Master,Economy
248,1,3,Passenger_248,female,35.2,0,1,TKT47344,124.86,,C,2,Master,Business
249,1,3,Passenger_249,male,28.5,4,1,TKT93791,37.67,,Q,6,Mr,Business
250,1,1,Passenger_250,female,36.3,2,1,TKT34299,64.42,C123,C,4,Mr,Business
251,0,2,Passenger_251,male,8.0,3,3,TKT57975,76.46,,C,7,Miss,First
252,0,3,Passenger_252,male,14.2,3,3,TKT11462,231.46,,Q,7,Master,Economy
253,1,3,Passenger_253,female,13.3,2,0,TKT91441,61.44,C123,C,3,Mrs,First
254,0,1,Passenger_254,female,32.0,4,3,TKT91788,75.86,D56,S,8,Miss,Economy
255,0,3,Passenger_255,male,54.3,2,3,TKT50581,95.49,,C,6,Mr,First
256,0,1,Passenger_256,male,61.2,4,3,TKT81289,167.62,D56,Q,8,Mrs,First
257,1,1,Passenger_257,male,38.9,1,1,TKT24175,33.97,D56,S,3,Mr,Economy
258,1,3,Passenger_258,female,37.0,2,2,TKT16191,238.72,,S,5,Mrs,First
259,0,3,Passenger_259,male,4.8,4,0,TKT93434,217.06,B28,C,5,Miss,Economy
260,0,3,Passenger_260,female,22.4,2,2,TKT94518,146.42,D56,Q,5,Mrs,Business
261,0,1,Passenger_261,female,,2,2,TKT90158,170.14,nan,C,5,Miss,Business
262,1,3,Passenger_262,female,21.3,4,3,TKT76537,9.08,,C,8,Mr,Business
263,0,2,Passenger_263,male,27.6,4,0,TKT57645,88.04,,Q,5,Mrs,First
264,0,1,Passenger_264,female,23.4,0,2,TKT33283,199.94,C85,Q,3,Master,Business
265,1,3,Passenger_265,female,2.3,2,2,TKT96971,23.98,,C,5,Master,Economy
266,1,3,Passenger_266,female,40.5,3,0,TKT69123,74.17,C85,S,4,Mr,Business
267,1,3,Passenger_267,female,,2,3,TKT40024,148.4,,C,6,Mrs,Business
268,1,3,Passenger_268,female,33.3,2,2,TKT59630,67.82,,S,5,Master,First
269,0,3,Passenger_269,male,59.0,4,1,TKT40734,233.82,C85,C,6,Miss,Economy
270,0,3,Passenger_270,female,17.1,2,2,TKT10515,37.11,C85,Q,5,Mrs,First
271,1,1,Passenger_271,female,1.0,2,1,TKT76727,200.36,E46,S,4,Mrs,First
272,1,2,Passenger_272,male,26.0,3,3,TKT56216,129.45,,Q,7,Master,Economy
273,1,2,Passenger_273,female,45.4,4,2,TKT81833,188.83,C85,Q,7,Miss,First
274,1,2,Passenger_274,male,57.4,2,0,TKT68755,81.13,E46,Q,3,Miss,Economy
275,0,3,Passenger_275,female,12.8,1,0,TKT37856,131.05,D56,Q,2,Miss,Business
276,0,3,Passenger_276,male,37.0,0,2,TKT83870,214.92,,Q,3,Mrs,Economy
277,1,1,Passenger_277,male,23.5,3,3,TKT34162,119.39,,C,7,Mr,Economy
278,1,1,Passenger_278,female,28.5,2,3,TKT16008,93.13,B28,S,6,Mrs,Economy
279,1,3,Passenger_279,female,67.0,1,0,TKT17987,136.36,,C,2,Mrs,First
280,1,1,Passenger_280,female,9.0,2,2,TKT72532,180.75,C85,C,5,Master,Economy
281,1,3,Passenger_281,male,,2,3,TKT13332,113.67,,C,6,Mr,Economy
282,0,3,Passenger_282,male,36.5,4,0,TKT76323,235.02,,Q,5,Miss,Economy
283,0,3,Passenger_283,male,45.2,4,1,TKT48990,77.26,,C,6,Master,Business
284,0,3,Passenger_284,female,,4,2,TKT19873,121.49,nan,S,7,Mrs,Economy
285,0,3,Passenger_285,male,,1,1,TKT92542,190.45,,C,3,Mr,First
286,0,2,Passenger_286,male,24.5,2,1,TKT95761,173.83,C123,Q,4,Miss,Economy
287,0,3,Passenger_287,female,,0,3,TKT46444,216.59,,S,4,Miss,Economy
288,0,3,Passenger_288,male,25.2,3,3,TKT45340,249.22,D56,S,7,Mrs,Business
289,0,2,Passenger_289,male,,4,3,TKT15033,109.58,C85,S,8,Miss,Economy
290,0,3,Passenger_290,female,,4,2,TKT83324,32.23,,S,7,Miss,First
291,0,3,Passenger_291,male,35.3,2,1,TKT25689,12.45,,C,4,Mr,Economy
292,0,3,Passenger_292,female,29.6,2,2,TKT97134,183.08,B28,Q,5,Master,First
293,1,3,Passenger_293,female,45.8,1,3,TKT10066,219.13,D56,S,5,Mr,Business
294,0,3,Passenger_294,female,29.3,1,1,TKT55246,59.07,,S,3,Master,Economy
295,0,3,Passenger_295,female,,4,2,TKT17533,43.82,,Q,7,Master,Business
296,0,3,Passenger_296,female,47.7,2,2,TKT90639,20.24,nan,C,5,Master,Economy
297,1,3,Passenger_297,male,17.3,0,0,TKT80152,206.56,,S,1,Miss,First
298,0,3,Passenger_298,male,20.8,3,2,TKT69658,,,C,6,Mr,Business
299,1,3,Passenger_299,female,21.7,2,3,TKT48498,103.42,,C,6,Miss,Economy
300,0,3,Passenger_300,female,49.2,2,2,TKT21772,128.17,B28,C,5,Mrs,First
301,0,1,Passenger_301,male,1.0,1,1,TKT99385,210.67,,C,3,Mr,Business
302,0,3,Passenger_302,female,73.9,3,2,TKT59036,164.45,B28,,6,Master,Economy
303,0,3,Passenger_303,female,,4,0,TKT68531,155.69,,S,5,Miss,Business
304,1,1,Passenger_304,female,33.1,2,1,TKT22940,48.04,D56,C,4,Miss,Economy
305,1,3,Passenger_305,male,29.2,4,1,TKT26932,130.73,D56,C,6,Mr,First
306,1,1,Passenger_306,male,34.0,2,0,TKT66827,180.27,C123,Q,3,Mr,First
307,0,2,Passenger_307,female,37.3,4,3,TKT71431,243.45,,Q,8,Master,Business
308,0,3,Passenger_308,female,39.0,3,1,TKT34648,54.34,nan,Q,5,Master,Business
309,1,1,Passenger_309,male,37.8,1,3,TKT42966,7.34,nan,S,5,Mrs,Economy
310,0,3,Passenger_310,male,31.3,3,1,TKT37777,23.45,,Q,5,Master,First
311,0,3,Passenger_311,female,27.2,0,1,TKT42567,97.08,C85,S,2,Miss,Economy
312,0,3,Passenger_312,female,,1,3,TKT27174,206.03,,S,5,Mrs,First
313,0,1,Passenger_313,male,27.3,3,1,TKT52598,6.75,,S,5,Mrs,Business
314,1,2,Passenger_314,male,45.9,0,3,TKT69199,116.9,D56,S,4,Mrs,Economy
315,1,3,Passenger_315,male,,2,0,TKT23798,85.66,,Q,3,Mr,Economy
316,1,3,Passenger_316,female,1.0,2,3,TKT75364,17.86,,C,6,Master,First
317,0,3,Passenger_317,male,39.2,4,0,TKT27558,115.31,,C,5,Mrs,First
318,0,2,Passenger_318,female,32.7,1,1,TKT71084,67.41,B28,C,3,Mr,First
319,0,3,Passenger_319,male,29.7,2,3,TKT54237,91.21,,Q,6,Mr,Business
320,0,3,Passenger_320,male,24.6,1,1,TKT75497,177.88,D56,C,3,Mrs,Economy
321,0,3,Passenger_321,male,45.7,2,3,TKT10178,132.78,,Q,6,Mrs,First
322,1,1,Passenger_322,male,43.3,4,0,TKT96006,35.54,C85,Q,5,Miss,Business
323,1,3,Passenger_323,female,19.2,3,0,TKT27118,240.55,,Q,4,Mrs,First
324,0,3,Passenger_324,female,35.7,4,3,TKT32616,160.8,,C,8,Miss,Economy
325,1,3,Passenger_325,male,,0,0,TKT10798,192.64,C85,C,1,Mrs,First
326,1,2,Passenger_326,female,10.7,2,1,TKT17601,24.41,,C,4,Mrs,Economy
327,0,3,Passenger_327,male,21.2,0,1,TKT35363,,,S,2,Master,Business
328,0,3,Passenger_328,male,42.1,0,2,TKT12795,9.76,C123,Q,3,Mrs,Business
329,0,1,Passenger_329,male,43.3,1,0,TKT55264,51.25,D56,S,2,Mrs,First
330,0,3,Passenger_330,male,37.2,2,1,TKT82833,106.53,B28,Q,4,Miss,Economy
331,0,3,Passenger_331,female,40.2,0,3,TKT13084,234.28,E46,C,4,Miss,Economy
332,1,1,Passenger_332,male,37.2,3,0,TKT86646,116.98,C123,Q,4,Master,Economy
333,0,2,Passenger_333,male,21.0,0,1,TKT10731,76.11,C123,,2,Mrs,First
334,0,3,Passenger_334,female,36.0,3,0,TKT11129,142.67,D56,S,4,Mrs,Economy
335,0,1,Passenger_335,male,41.2,1,3,TKT38022,32.42,D56,Q,5,Miss,Economy
336,0,3,Passenger_336,male,40.6,0,1,TKT11605,154.33,,C,2,Mr,Economy
337,1,2,Passenger_337,male,46.6,4,2,TKT87506,144.27,,Q,7,Mr,Economy
338,1,3,Passenger_338,female,39.9,1,2,TKT54130,199.04,,Q,4,Mr,First
339,0,1,Passenger_339,male,34.9,3,0,TKT39265,246.74,,Q,4,Miss,First
340,0,3,Passenger_340,female,45.0,1,3,TKT42330,66.46,,S,5,Miss,Economy
341,0,3,Passenger_341,male,29.6,0,1,TKT78469,129.87,,Q,2,Mr,Economy
342,0,3,Passenger_342,male,17.7,2,3,TKT25187,227.67,C85,Q,6,Mr,Business
343,0,3,Passenger_343,female,27.7,2,1,TKT35791,197.37,,S,4,Mrs,Business
344,0,1,Passenger_344,male,19.6,3,0,TKT80610,124.41,,S,4,Miss,Economy
345,0,3,Passenger_345,male,20.5,3,1,TKT49867,236.62,,S,5,Miss,Economy
346,0,1,Passenger_346,female,28.0,2,3,TKT10893,19.02,,S,6,Mr,Business
347,1,1,Passenger_347,female,18.9,3,3,TKT29773,233.09,,C,7,Mr,Business
348,0,2,Passenger_348,female,25.7,1,0,TKT14239,17.37,B28,C,2,Master,Economy
349,0,3,Passenger_349,female,3.5,4,3,TKT30863,139.09,,Q,8,Miss,First
350,1,3,Passenger_350,female,,4,1,TKT61415,223.16,,C,6,Master,First
351,0,3,Passenger_351,male,30.0,1,0,TKT78968,69.37,,Q,2,Mrs,Economy
352,1,2,Passenger_352,female,18.6,4,1,TKT70430,120.7,,C,6,Master,Economy
353,1,2,Passenger_353,male,39.2,0,3,TKT11515,84.46,C123,S,4,Mr,Business
354,0,3,Passenger_354,male,43.1,1,0,TKT24605,238.28,,S,2,Miss,Business
355,0,2,Passenger_355,male,7.5,3,1,TKT66240,206.79,,C,5,Miss,First
356,1,3,Passenger_356,female,19.3,1,3,TKT15586,178.71,C85,C,5,Master,Economy
357,0,1,Passenger_357,female,19.2,2,3,TKT41186,148.97,,Q,6,Master,Business
358,0,3,Passenger_358,male,16.8,3,2,TKT36928,206.04,,Q,6,Mrs,First
359,1,3,Passenger_359,female,41.6,2,3,TKT93087,101.11,,Q,6,Mrs,First
360,0,1,Passenger_360,female,27.3,3,1,TKT97029,114.65,,S,5,Mr,First
361,0,1,Passenger_361,female,26.3,4,0,TKT30711,183.85,,S,5,Mr,Business
362,1,3,Passenger_362,female,1.9,1,2,TKT64962,92.65,,S,4,Mr,Business
363,0,3,Passenger_363,male,,0,3,TKT30039,20.66,,S,4,Master,Economy
364,0,2,Passenger_364,male,12.7,3,3,TKT46561,23.21,E46,Q,7,Master,Economy
365,1,3,Passenger_365,female,30.8,3,3,TKT85483,33.26,nan,S,7,Miss,First
366,0,1,Passenger_366,male,33.9,2,1,TKT91395,218.07,,S,4,Mr,First
367,1,2,Passenger_367,female,49.0,4,2,TKT98658,120.7,,S,7,Master,Business
368,1,3,Passenger_368,female,11.7,2,1,TKT11577,179.66,C123,S,4,Miss,Business
369,0,2,Passenger_369,male,1.0,2,2,TKT38350,101.26,,C,5,Mr,Economy
370,0,3,Passenger_370,male,32.6,4,0,TKT43798,68.38,,Q,5,Mrs,Economy
371,0,2,Passenger_371,male,55.2,0,1,TKT91417,90.06,,Q,2,Mrs,Economy
372,0,2,Passenger_372,female,47.3,2,1,TKT20785,199.57,,S,4,Master,Business
373,0,3,Passenger_373,male,32.9,2,0,TKT82227,158.18,C123,C,3,Miss,First
374,1,2,Passenger_374,female,23.1,3,2,TKT71957,234.72,D56,Q,6,Mrs,Economy
375,0,3,Passenger_375,male,41.3,4,3,TKT75431,171.53,,,8,Miss,Economy
376,0,1,Passenger_376,male,16.4,1,0,TKT27297,144.69,,S,2,Miss,Business
377,1,1,Passenger_377,female,36.7,0,3,TKT81894,154.5,,S,4,Mrs,Economy
378,0,1,Passenger_378,female,37.1,0,3,TKT73772,235.88,,Q,4,Miss,First
379,1,3,Passenger_379,female,44.8,4,0,TKT29581,198.11,,Q,5,Mrs,Business
380,0,2,Passenger_380,female,68.6,3,2,TKT65192,10.89,,C,6,Master,Economy
381,0,3,Passenger_381,female,35.5,3,3,TKT11462,135.86,,Q,7,Mr,Economy
382,1,3,Passenger_382,female,,4,0,TKT74173,173.64,,Q,5,Mr,Business
383,1,3,Passenger_383,female,,3,1,TKT25511,188.43,C123,S,5,Master,Business
384,1,1,Passenger_384,female,5.2,0,1,TKT86106,57.22,nan,Q,2,Mrs,Economy
385,1,3,Passenger_385,male,,0,1,TKT58665,217.46,B28,S,2,Mrs,First
386,1,3,Passenger_386,female,24.3,1,0,TKT54414,239.18,,Q,2,Mrs,Business
387,0,3,Passenger_387,female,22.7,4,1,TKT91010,63.0,C85,Q,6,Mrs,First
388,0,3,Passenger_388,male,32.1,2,3,TKT82573,221.24,,,6,Master,Economy
389,1,3,Passenger_389,female,18.5,2,1,TKT23386,28.76,,C,4,Mr,First
390,1,3,Passenger_390,male,45.7,1,1,TKT64460,18.65,,S,3,Miss,Economy
391,1,1,Passenger_391,male,30.0,1,3,TKT16221,36.66,,C,5,Miss,Economy
392,0,1,Passenger_392,female,29.9,3,1,TKT33474,19.15,C85,Q,5,Mr,Economy
393,0,3,Passenger_393,male,25.4,1,3,TKT31045,212.03,C85,C,5,Master,Economy
394,1,3,Passenger_394,female,32.2,1,1,TKT14922,19.47,nan,S,3,Miss,First
395,0,3,Passenger_395,male,41.6,2,3,TKT32706,71.56,E46,Q,6,Mr,Economy
396,1,3,Passenger_396,male,17.9,3,1,TKT52771,30.42,,C,5,Master,Economy
397,1,1,Passenger_397,male,20.8,1,3,TKT62335,77.38,,C,5,Miss,First
398,0,1,Passenger_398,female,25.7,1,0,TKT62949,27.19,,S,2,Mrs,Business
399,1,3,Passenger_399,female,11.2,3,3,TKT80714,168.66,C85,C,7,Mrs,First
400,1,2,Passenger_400,male,18.5,4,1,TKT25240,37.67,,S,6,Master,First
401,0,1,Passenger_401,male,23.3,3,1,TKT12716,213.7,D56,Q,5,Mrs,First
402,1,3,Passenger_402,female,42.2,2,2,TKT26574,205.21,D56,Q,5,Master,Economy
403,0,1,Passenger_403,female,33.7,4,3,TKT93255,8.35,,C,8,Mr,Economy
404,1,3,Passenger_404,male,32.7,0,0,TKT83717,224.45,,Q,1,Mr,Economy
405,0,2,Passenger_405,male,41.9,3,3,TKT54066,12.09,B28,Q,7,Miss,Business
406,1,3,Passenger_406,female,,2,3,TKT71826,63.71,,C,6,Master,Economy
407,0,2,Passenger_407,female,35.5,4,0,TKT30213,12.94,C85,Q,5,Miss,Business
408,0,3,Passenger_408,female,28.6,3,3,TKT81916,,,C,7,Miss,Economy
409,1,1,Passenger_409,female,33.7,1,0,TKT76151,130.9,D56,S,2,Mr,First
410,0,1,Passenger_410,female,21.8,3,0,TKT60906,200.18,nan,S,4,Miss,Economy
411,0,2,Passenger_411,male,1.0,0,3,TKT10463,87.81,,S,4,Mrs,Business
412,1,3,Passenger_412,female,28.1,3,3,TKT41973,177.85,C123,C,7,Miss,Business
413,1,3,Passenger_413,male,49.9,4,1,TKT84694,50.94,,C,6,Master,Economy
414,0,2,Passenger_414,female,43.0,4,1,TKT30651,188.9,C123,Q,6,Mrs,First
415,1,3,Passenger_415,male,43.5,3,2,TKT78694,62.82,C85,Q,6,Mr,Economy
416,0,3,Passenger_416,female,47.3,4,2,TKT30008,40.17,,Q,7,Master,Economy
417,0,3,Passenger_417,female,31.2,1,3,TKT80474,50.43,C123,Q,5,Mrs,Economy
418,0,1,Passenger_418,male,32.8,3,0,TKT48185,49.61,nan,Q,4,Master,First
419,1,3,Passenger_419,male,21.4,1,2,TKT97924,130.65,nan,C,4,Mrs,Business
420,1,1,Passenger_420,female,25.6,1,3,TKT84417,211.98,C123,C,5,Master,First
421,1,2,Passenger_421,female,38.6,2,2,TKT81139,24.5,,S,5,Master,Business
422,1,3,Passenger_422,female,46.9,3,0,TKT44980,178.2,,S,4,Mrs,Business
423,0,1,Passenger_423,female,28.0,4,3,TKT32504,165.31,C123,S,8,Mr,Business
424,0,3,Passenger_424,female,23.7,1,0,TKT64970,218.77,C85,S,2,Mr,First
425,0,3,Passenger_425,male,30.0,2,3,TKT26766,64.82,,C,6,Master,Economy
426,0,3,Passenger_426,male,38.4,3,2,TKT21695,115.28,,C,6,Master,Economy
427,0,3,Passenger_427,female,9.8,3,1,TKT27796,231.83,,C,5,Mr,Economy
428,1,1,Passenger_428,male,1.0,0,2,TKT52543,166.7,,Q,3,Mr,Economy
429,0,2,Passenger_429,male,22.3,0,2,TKT24559,100.25,,Q,3,Miss,Economy
430,0,3,Passenger_430,male,12.9,1,1,TKT43139,37.2,,S,3,Mr,First
431,0,1,Passenger_431,female,22.9,0,1,TKT18802,69.31,,Q,2,Master,First
432,1,2,Passenger_432,male,27.9,1,3,TKT83843,147.4,,C,5,Mrs,First
433,0,1,Passenger_433,female,23.7,4,3,TKT50205,180.95,,S,8,Mr,First
434,0,1,Passenger_434,male,50.3,1,0,TKT44159,35.48,,S,2,Miss,First
435,0,2,Passenger_435,female,34.6,0,0,TKT21516,151.9,nan,Q,1,Miss,First
436,1,1,Passenger_436,male,34.2,4,2,TKT60492,139.84,,S,7,Miss,First
437,0,3,Passenger_437,female,38.7,0,1,TKT39086,130.92,,Q,2,Mrs,Economy
438,1,3,Passenger_438,female,14.1,1,0,TKT40480,174.08,,Q,2,Mr,Business
439,1,3,Passenger_439,male,,2,2,TKT62091,210.18,,S,5,Mr,First
440,0,1,Passenger_440,female,28.9,3,1,TKT57766,84.13,,Q,5,Mr,Business
441,0,1,Passenger_441,female,39.4,0,3,TKT48737,222.81,E46,Q,4,Mrs,First
442,1,1,Passenger_442,female,15.0,1,2,TKT19265,44.36,,Q,4,Mrs,First
443,0,3,Passenger_443,female,8.2,4,3,TKT80990,47.39,,Q,8,Master,Economy
444,0,3,Passenger_444,female,,0,0,TKT25386,70.36,,S,1,Miss,Business
445,1,1,Passenger_445,female,35.3,0,0,TKT47425,34.29,,C,1,Miss,Economy
446,1,3,Passenger_446,female,17.4,3,1,TKT53254,61.43,,C,5,Mr,Economy
447,1,1,Passenger_447,female,17.8,1,2,TKT99863,31.07,nan,Q,4,Mrs,Business
448,1,3,Passenger_448,male,45.8,2,3,TKT63634,206.33,D56,Q,6,Mrs,Economy
449,0,3,Passenger_449,male,13.3,4,1,TKT96717,39.05,,Q,6,Mr,First
450,0,3,Passenger_450,female,53.0,1,0,TKT57662,188.09,,C,2,Mr,First
451,1,3,Passenger_451,female,17.4,4,0,TKT96988,16.74,,Q,5,Master,First
452,0,3,Passenger_452,male,38.9,0,2,TKT97527,237.39,,S,3,Miss,First
453,0,2,Passenger_453,male,,3,3,TKT85452,,C85,,7,Miss,First
454,1,3,Passenger_454,male,38.4,3,2,TKT20143,6.67,,S,6,Miss,Economy
455,0,1,Passenger_455,female,22.4,2,3,TKT25581,192.14,nan,C,6,Master,Economy
456,0,3,Passenger_456,male,27.7,3,3,TKT77443,130.95,E46,Q,7,Mr,First
457,0,3,Passenger_457,female,30.6,0,2,TKT39424,195.94,B28,Q,3,Mr,First
458,0,3,Passenger_458,female,16.0,2,1,TKT98844,133.01,E46,Q,4,Miss,Economy
459,0,3,Passenger_459,male,40.4,1,2,TKT51984,162.05,,C,4,Miss,Business
460,0,3,Passenger_460,female,22.8,3,2,TKT51505,197.65,D56,C,6,Master,Economy
461,0,3,Passenger_461,female,26.8,2,0,TKT72699,104.25,,,3,Mrs,Economy
462,1,3,Passenger_462,female,16.1,0,0,TKT36957,5.66,C123,C,1,Mrs,Economy
463,1,1,Passenger_463,female,1.0,4,2,TKT35464,213.24,,S,7,Miss,Economy
464,0,1,Passenger_464,male,27.3,4,2,TKT33649,98.32,,C,7,Master,Economy
465,1,2,Passenger_465,male,63.8,0,0,TKT52065,126.53,B28,C,1,Miss,Business
466,0,1,Passenger_466,female,41.0,0,3,TKT44758,6.9,,C,4,Mrs,First
467,0,3,Passenger_467,female,29.7,4,2,TKT15596,125.56,B28,Q,7,Miss,First
468,1,1,Passenger_468,male,26.3,2,1,TKT26374,246.69,B28,Q,4,Mrs,Business
469,0,3,Passenger_469,female,30.3,4,1,TKT13775,73.18,,Q,6,Mrs,First
470,1,2,Passenger_470,male,37.7,0,1,TKT37388,101.88,,S,2,Mrs,First
471,0,1,Passenger_471,female,13.5,3,2,TKT31029,173.36,,,6,Mr,First
472,1,3,Passenger_472,female,45.6,1,3,TKT93981,204.62,,C,5,Mr,Business
473,0,3,Passenger_473,male,40.0,3,3,TKT63639,107.26,,Q,7,Miss,Business
474,1,3,Passenger_474,male,40.1,3,0,TKT24645,80.87,C123,S,4,Mrs,First
475,0,3,Passenger_475,male,,0,2,TKT41105,234.77,E46,Q,3,Mr,First
476,1,3,Passenger_476,male,30.3,4,3,TKT23668,170.9,,S,8,Miss,First
477,0,1,Passenger_477,female,,2,2,TKT25960,34.16,B28,S,5,Miss,Economy
478,0,3,Passenger_478,male,38.3,3,0,TKT21357,,C123,C,4,Miss,Economy
479,1,3,Passenger_479,female,25.0,4,0,TKT74604,123.47,E46,C,5,Miss,Economy
480,0,3,Passenger_480,male,22.0,2,0,TKT61796,58.92,,S,3,Miss,Business
481,1,1,Passenger_481,male,31.4,3,1,TKT25804,67.23,E46,C,5,Master,First
482,1,3,Passenger_482,female,51.7,2,2,TKT24626,220.03,D56,S,5,Mrs,Business
483,0,1,Passenger_483,male,12.7,4,0,TKT38132,26.94,,S,5,Miss,Business
484,1,1,Passenger_484,male,9.5,1,2,TKT17951,180.26,,Q,4,Master,Business
485,0,2,Passenger_485,male,32.3,4,1,TKT16449,71.43,C123,C,6,Mrs,First
486,1,3,Passenger_486,male,30.7,0,1,TKT29065,191.28,nan,C,2,Mr,Economy
487,0,3,Passenger_487,female,32.4,2,0,TKT19130,181.99,nan,C,3,Miss,First
488,0,3,Passenger_488,female,33.4,1,0,TKT99360,6.81,,Q,2,Master,First
489,1,3,Passenger_489,male,26.9,2,3,TKT72287,129.74,,Q,6,Mr,Business
490,1,2,Passenger_490,male,50.9,2,2,TKT61702,39.13,,Q,5,Master,Business
491,0,2,Passenger_491,male,7.6,3,0,TKT46993,217.23,,C,4,Mrs,Business
492,1,2,Passenger_492,female,18.4,0,3,TKT41875,218.54,E46,C,4,Mrs,Economy
493,0,3,Passenger_493,female,28.6,2,2,TKT16054,107.49,,C,5,Mr,Economy
494,0,1,Passenger_494,female,7.0,4,0,TKT58517,113.88,,Q,5,Master,Economy
495,0,3,Passenger_495,female,,4,3,TKT86368,79.3,E46,,8,Miss,First
496,0,3,Passenger_496,male,53.3,3,3,TKT39670,180.57,,S,7,Miss,Business
497,0,2,Passenger_497,male,30.3,0,2,TKT59112,92.87,,,3,Mr,First
498,0,3,Passenger_498,male,33.2,0,3,TKT98388,70.61,,S,4,Mr,Economy
499,1,3,Passenger_499,female,12.4,4,2,TKT99156,110.9,,C,7,Mr,Business
500,1,3,Passenger_500,male,21.4,1,2,TKT38307,,,Q,4,Master,Economy
501,1,3,Passenger_501,female,24.7,3,2,TKT77087,187.92,D56,C,6,Miss,Business
502,0,2,Passenger_502,female,25.6,3,1,TKT57922,8.09,C123,C,5,Miss,Business
503,0,2,Passenger_503,male,47.9,4,3,TKT73080,162.9,E46,C,8,Miss,First
504,1,3,Passenger_504,male,37.8,4,2,TKT89335,49.8,,C,7,Mr,First
505,1,3,Passenger_505,male,14.4,1,0,TKT36312,61.94,nan,Q,2,Miss,Economy
506,0,1,Passenger_506,female,33.5,1,1,TKT76985,160.73,,C,3,Mrs,First
507,1,3,Passenger_507,female,37.0,0,1,TKT67608,248.27,,S,2,Mr,First
508,1,3,Passenger_508,male,46.0,3,3,TKT99962,195.54,,Q,7,Miss,First
509,1,3,Passenger_509,male,52.1,3,2,TKT50277,60.33,B28,C,6,Master,Business
510,1,1,Passenger_510,female,15.8,4,3,TKT41551,48.13,,Q,8,Mr,First
511,0,3,Passenger_511,male,18.6,0,1,TKT99813,217.23,,S,2,Mrs,Economy
512,0,3,Passenger_512,female,12.4,3,2,TKT66597,113.83,D56,C,6,Mrs,Business
513,1,1,Passenger_513,female,26.7,0,0,TKT55212,38.58,B28,S,1,Master,Business
514,1,1,Passenger_514,male,36.5,0,2,TKT19637,216.24,B28,C,3,Master,First
515,0,3,Passenger_515,male,43.8,4,1,TKT53258,204.94,,S,6,Mr,Business
516,0,1,Passenger_516,male,28.9,0,0,TKT45693,246.06,C85,C,1,Mr,Economy
517,0,3,Passenger_517,male,25.5,1,2,TKT19824,227.89,,Q,4,Mrs,Economy
518,1,3,Passenger_518,female,32.1,1,0,TKT36950,213.69,,C,2,Master,Business
519,1,2,Passenger_519,female,18.3,2,0,TKT33488,17.88,,Q,3,Mr,First
520,0,3,Passenger_520,female,59.3,4,1,TKT10215,30.58,D56,C,6,Mrs,First
521,0,2,Passenger_521,male,7.5,2,0,TKT21523,144.4,D56,C,3,Master,Business
522,0,3,Passenger_522,female,32.6,1,3,TKT85900,135.21,C123,S,5,Mrs,Economy
523,1,2,Passenger_523,male,58.3,2,1,TKT78689,117.2,C123,S,4,Miss,Business
524,1,3,Passenger_524,male,30.1,4,3,TKT33834,102.21,C85,S,8,Master,First
525,1,1,Passenger_525,male,27.3,4,0,TKT44474,110.65,,C,5,Mr,First
526,0,2,Passenger_526,male,25.0,0,3,TKT53066,144.48,,C,4,Mr,Business
527,0,3,Passenger_527,male,27.5,3,2,TKT20400,5.51,C85,C,6,Miss,Economy
528,0,2,Passenger_528,male,49.2,0,0,TKT20345,68.87,E46,Q,1,Master,Business
529,0,3,Passenger_529,female,1.0,4,2,TKT43896,,,Q,7,Mrs,Economy
530,1,2,Passenger_530,male,51.5,1,3,TKT95430,181.94,,C,5,Mr,Economy
531,1,3,Passenger_531,female,10.1,1,2,TKT38899,47.67,nan,S,4,Miss,Business
532,1,1,Passenger_532,female,26.3,0,0,TKT38229,138.99,,S,1,Miss,Business
533,1,3,Passenger_533,male,24.0,4,2,TKT15583,180.04,E46,S,7,Master,Economy
534,0,3,Passenger_534,male,,1,3,TKT14897,113.93,B28,C,5,Master,Economy
535,1,1,Passenger_535,male,,4,3,TKT81537,11.63,B28,S,8,Mr,Economy
536,1,1,Passenger_536,female,36.5,1,3,TKT14567,115.07,,C,5,Miss,Economy
537,1,1,Passenger_537,male,,4,0,TKT84807,77.63,,Q,5,Mrs,First
538,0,3,Passenger_538,female,10.9,2,3,TKT87239,232.76,C123,S,6,Miss,Business
539,0,2,Passenger_539,male,32.7,4,0,TKT23329,35.53,,Q,5,Mrs,Economy
540,0,3,Passenger_540,male,20.7,4,2,TKT81792,164.86,D56,S,7,Mrs,Business
541,1,2,Passenger_541,female,36.0,0,3,TKT10228,17.92,C85,C,4,Mr,Economy
542,0,2,Passenger_542,female,30.3,2,2,TKT92214,114.31,,C,5,Miss,Business
543,0,3,Passenger_543,male,21.0,3,1,TKT47052,140.72,B28,C,5,Mrs,Business
544,1,3,Passenger_544,female,36.8,0,2,TKT67769,78.0,,C,3,Master,Economy
545,0,1,Passenger_545,female,55.3,3,1,TKT56032,116.49,B28,S,5,Mrs,Economy
546,0,1,Passenger_546,female,27.3,1,2,TKT98721,45.07,nan,Q,4,Master,Business
547,0,1,Passenger_547,female,40.1,3,0,TKT43686,,,C,4,Master,Business
548,1,3,Passenger_548,female,11.9,4,2,TKT86981,157.17,,S,7,Miss,Business
549,0,3,Passenger_549,male,16.6,3,0,TKT73261,78.94,,Q,4,Master,First
550,1,3,Passenger_550,male,36.6,0,0,TKT12809,225.44,,C,1,Mrs,Economy
551,0,3,Passenger_551,female,50.8,0,3,TKT51785,,nan,Q,4,Master,First
552,1,3,Passenger_552,male,35.0,3,0,TKT46547,112.47,,C,4,Miss,First
553,0,3,Passenger_553,male,25.6,0,1,TKT52818,14.5,,Q,2,Mr,Economy
554,0,3,Passenger_554,female,,0,3,TKT81927,127.39,,Q,4,Mrs,Economy
555,1,1,Passenger_555,male,12.5,3,3,TKT75681,192.37,nan,C,7,Mrs,First
556,0,1,Passenger_556,female,38.5,2,2,TKT89465,70.06,,S,5,Miss,Economy
557,0,2,Passenger_557,female,42.4,2,0,TKT99862,202.66,,Q,3,Miss,Business
558,0,1,Passenger_558,male,23.7,1,0,TKT47333,66.69,nan,C,2,Miss,Business
559,1,3,Passenger_559,female,23.4,0,1,TKT26576,206.82,nan,Q,2,Miss,First
560,1,3,Passenger_560,female,33.7,3,2,TKT49405,25.89,C85,Q,6,Mrs,First
561,1,1,Passenger_561,female,23.9,0,2,TKT83779,217.22,C123,S,3,Mr,Economy
562,0,1,Passenger_562,female,29.1,4,3,TKT41601,127.3,,Q,8,Master,Economy
563,0,3,Passenger_563,female,59.4,0,3,TKT77946,77.65,B28,Q,4,Master,First
564,0,3,Passenger_564,male,26.5,0,3,TKT77356,69.95,C85,C,4,Mr,First
565,0,2,Passenger_565,male,25.0,2,1,TKT62116,110.84,E46,C,4,Mr,Business
566,0,3,Passenger_566,female,20.9,3,1,TKT72894,249.77,B28,S,5,Mr,Business
567,0,1,Passenger_567,female,40.4,0,3,TKT44635,,B28,Q,4,Miss,Economy
568,0,1,Passenger_568,male,27.5,2,2,TKT17465,30.29,,Q,5,Mrs,Business
569,1,3,Passenger_569,female,20.9,1,1,TKT66754,148.33,,Q,3,Mrs,Economy
570,0,3,Passenger_570,male,48.5,2,2,TKT95119,124.69,,S,5,Mrs,Economy
571,0,1,Passenger_571,female,49.9,2,2,TKT48871,133.43,nan,Q,5,Miss,Economy
572,1,3,Passenger_572,female,,2,0,TKT72874,168.4,C123,C,3,Mrs,Business
573,0,3,Passenger_573,female,3.9,0,3,TKT87733,70.45,E46,S,4,Miss,First
574,1,3,Passenger_574,female,,0,0,TKT39511,228.11,,C,1,Mrs,First
575,1,3,Passenger_575,female,20.4,1,3,TKT90960,111.74,,C,5,Mr,Business
576,1,3,Passenger_576,female,,4,3,TKT58821,36.63,,S,8,Master,First
577,0,3,Passenger_577,female,2.4,4,2,TKT75776,186.86,,C,7,Master,Economy
578,1,3,Passenger_578,male,42.5,4,3,TKT80167,162.56,E46,Q,8,Miss,First
579,0,1,Passenger_579,male,13.0,1,2,TKT85135,82.36,C123,S,4,Mrs,Business
580,0,1,Passenger_580,male,40.2,4,2,TKT54462,157.27,,C,7,Master,First
581,0,2,Passenger_581,female,30.2,4,3,TKT71382,58.87,,Q,8,Mr,Economy
582,1,3,Passenger_582,female,16.6,2,2,TKT42574,113.99,,Q,5,Mr,Economy
583,0,1,Passenger_583,female,24.3,0,2,TKT51910,225.36,,C,3,Mr,Business
584,0,3,Passenger_584,female,39.6,0,2,TKT83531,37.72,nan,Q,3,Miss,Business
585,1,3,Passenger_585,female,31.5,2,1,TKT35186,99.74,,S,4,Miss,Business
586,0,1,Passenger_586,female,38.2,2,2,TKT32813,206.18,D56,C,5,Mrs,Economy
587,0,3,Passenger_587,female,57.7,2,1,TKT88812,242.53,,Q,4,Mr,First
588,0,2,Passenger_588,male,8.1,0,1,TKT95525,116.21,,Q,2,Mrs,First
589,0,3,Passenger_589,female,52.6,4,2,TKT88282,129.21,,C,7,Mrs,Business
590,0,1,Passenger_590,male,31.5,2,2,TKT28557,145.18,D56,C,5,Mr,First
591,0,3,Passenger_591,male,17.4,1,1,TKT38060,233.43,,C,3,Mrs,First
592,1,3,Passenger_592,female,11.4,2,1,TKT68866,215.26,,C,4,Master,Business
593,0,3,Passenger_593,female,,3,2,TKT82104,46.8,C123,S,6,Miss,Business
594,0,3,Passenger_594,male,,2,2,TKT94577,112.01,nan,C,5,Mrs,Economy
595,1,3,Passenger_595,male,28.2,0,3,TKT16080,118.68,C123,S,4,Mr,Economy
596,0,3,Passenger_596,female,51.2,2,1,TKT23854,198.33,,S,4,Miss,Economy
597,1,3,Passenger_597,female,9.7,3,1,TKT77695,152.71,D56,C,5,Miss,Economy
598,0,3,Passenger_598,male,29.8,1,3,TKT37025,165.28,C123,S,5,Mrs,First
599,0,1,Passenger_599,female,,4,1,TKT62982,249.56,B28,C,6,Master,First
600,0,3,Passenger_600,female,35.1,2,0,TKT51081,23.37,nan,C,3,Mrs,Economy
601,0,3,Passenger_601,female,42.4,3,1,TKT14368,59.64,,Q,5,Master,Economy
602,0,3,Passenger_602,male,24.1,3,3,TKT37094,104.93,,C,7,Miss,Business
603,0,1,Passenger_603,male,,1,0,TKT56040,90.21,D56,Q,2,Mrs,First
604,0,3,Passenger_604,male,32.8,0,2,TKT76766,10.3,,S,3,Mr,First
605,0,2,Passenger_605,female,36.1,2,3,TKT93053,27.49,nan,Q,6,Mrs,Economy
606,0,3,Passenger_606,female,,3,3,TKT33991,171.83,,S,7,Master,First
607,0,1,Passenger_607,male,47.3,1,2,TKT11301,220.43,,C,4,Master,Business
608,0,3,Passenger_608,male,15.0,4,3,TKT38610,130.99,C123,S,8,Mrs,Business
609,0,3,Passenger_609,male,,3,1,TKT91463,137.1,,S,5,Master,First
610,1,1,Passenger_610,female,46.7,1,2,TKT44678,67.5,,C,4,Miss,Economy
611,0,3,Passenger_611,male,5.1,0,3,TKT34466,193.13,nan,S,4,Mrs,First
612,1,2,Passenger_612,male,34.5,0,2,TKT90440,189.19,B28,C,3,Master,Business
613,1,3,Passenger_613,female,22.9,3,2,TKT50875,149.15,D56,Q,6,Mrs,Economy
614,0,3,Passenger_614,female,28.9,3,2,TKT36081,57.1,E46,C,6,Mrs,First
615,1,3,Passenger_615,female,,2,0,TKT34354,28.77,,C,3,Mr,Economy
616,1,3,Passenger_616,male,23.2,1,3,TKT28300,20.74,,S,5,Mrs,Economy
617,0,3,Passenger_617,female,20.5,3,0,TKT74384,150.21,C123,Q,4,Mr,Business
618,0,2,Passenger_618,female,30.5,2,3,TKT70892,207.13,,C,6,Master,Economy
619,1,2,Passenger_619,male,,2,1,TKT45525,215.29,E46,Q,4,Mr,First
620,1,3,Passenger_620,female,14.8,3,1,TKT36532,118.59,B28,Q,5,Mr,Economy
621,0,3,Passenger_621,male,39.5,0,1,TKT16464,,,S,2,Mr,Economy
622,0,3,Passenger_622,male,13.9,1,3,TKT26562,236.99,,C,5,Miss,First
623,0,3,Passenger_623,female,39.3,1,2,TKT65514,72.42,,S,4,Mr,Business
624,0,2,Passenger_624,female,,0,2,TKT84219,102.5,nan,C,3,Mrs,Business
625,0,3,Passenger_625,female,5.8,3,0,TKT42634,233.21,C123,Q,4,Mr,First
626,0,1,Passenger_626,female,20.5,1,0,TKT10060,87.87,,C,2,Mrs,First
627,0,3,Passenger_627,female,46.7,3,1,TKT19269,228.9,,C,5,Mr,Business
628,1,1,Passenger_628,female,16.3,3,0,TKT73143,245.36,,Q,4,Miss,Economy
629,0,2,Passenger_629,male,23.5,2,3,TKT33065,167.14,C85,,6,Master,First
630,0,2,Passenger_630,male,36.5,0,3,TKT12895,205.14,,C,4,Mr,Economy
631,1,2,Passenger_631,female,41.0,3,0,TKT90859,188.64,C123,S,4,Mr,First
632,1,3,Passenger_632,male,,4,0,TKT22352,176.39,C85,C,5,Miss,Business
633,0,2,Passenger_633,female,,0,0,TKT59737,80.2,,Q,1,Mr,Economy
634,0,2,Passenger_634,male,49.9,1,0,TKT42016,18.99,,S,2,Mrs,Economy
635,0,1,Passenger_635,male,,2,1,TKT71304,89.05,,Q,4,Mr,First
636,0,2,Passenger_636,male,43.7,1,1,TKT21962,168.4,,Q,3,Mr,Economy
637,0,1,Passenger_637,female,31.2,1,0,TKT43302,30.12,,S,2,Master,First
638,0,1,Passenger_638,male,18.7,0,3,TKT95382,7.92,,Q,4,Master,Business
639,0,3,Passenger_639,female,18.4,1,1,TKT14011,39.22,,Q,3,Mr,Economy
640,0,3,Passenger_640,male,37.3,3,3,TKT29782,180.36,,Q,7,Miss,First
641,0,3,Passenger_641,male,35.9,1,2,TKT77691,243.33,E46,Q,4,Master,Economy
642,0,3,Passenger_642,male,49.6,2,3,TKT49725,245.85,C123,Q,6,Mr,First
643,0,2,Passenger_643,male,39.1,2,0,TKT19196,126.02,,Q,3,Master,First
644,0,3,Passenger_644,male,9.0,4,2,TKT53459,217.99,,Q,7,Mr,First
645,0,3,Passenger_645,female,44.7,2,1,TKT97245,185.52,,Q,4,Master,Business
646,1,3,Passenger_646,female,16.0,1,1,TKT88863,127.75,B28,Q,3,Master,Economy
647,0,1,Passenger_647,male,24.6,2,2,TKT42769,145.33,,C,5,Mrs,Business
648,1,2,Passenger_648,male,33.5,0,3,TKT34700,38.62,,C,4,Mr,First
649,1,2,Passenger_649,male,,2,1,TKT90356,234.73,,Q,4,Mr,First
650,0,2,Passenger_650,male,73.5,3,0,TKT86427,91.22,,C,4,Mr,Business
651,0,3,Passenger_651,female,38.5,0,2,TKT15269,114.31,C123,S,3,Mr,Business
652,0,3,Passenger_652,male,27.4,4,0,TKT53880,169.56,E46,C,5,Master,Economy
653,0,3,Passenger_653,female,37.5,3,2,TKT18320,86.81,,Q,6,Mrs,First
654,1,3,Passenger_654,male,42.4,1,1,TKT59589,67.29,,Q,3,Mrs,Business
655,0,3,Passenger_655,female,25.5,1,3,TKT86276,159.61,E46,C,5,Miss,First
656,0,3,Passenger_656,male,55.1,1,2,TKT45897,11.12,D56,Q,4,Mr,First
657,0,3,Passenger_657,male,33.2,3,2,TKT68565,181.58,,S,6,Miss,Economy
658,0,1,Passenger_658,female,37.0,3,0,TKT40930,130.94,C123,S,4,Master,Economy
659,1,1,Passenger_659,male,39.3,3,1,TKT67233,153.41,E46,Q,5,Miss,Economy
660,0,1,Passenger_660,male,35.9,0,0,TKT92821,,C123,S,1,Mr,Business
661,0,3,Passenger_661,male,41.7,0,1,TKT24380,134.13,,S,2,Mrs,First
662,1,3,Passenger_662,female,21.4,1,0,TKT86896,147.72,nan,C,2,Mrs,Business
663,0,2,Passenger_663,male,22.2,2,2,TKT80934,172.53,,S,5,Mr,Business
664,0,3,Passenger_664,male,,1,0,TKT65830,189.51,,C,2,Master,Economy
665,0,1,Passenger_665,female,36.2,4,3,TKT15529,183.23,E46,Q,8,Mr,First
666,0,3,Passenger_666,female,40.9,0,1,TKT92987,218.06,,C,2,Master,First
667,0,2,Passenger_667,female,36.4,3,1,TKT59178,51.41,,Q,5,Mrs,Economy
668,0,1,Passenger_668,male,53.4,0,2,TKT16937,103.28,E46,Q,3,Master,First
669,0,3,Passenger_669,male,29.9,3,1,TKT49886,237.21,,Q,5,Mr,Economy
670,0,2,Passenger_670,male,39.4,4,3,TKT59699,102.16,,Q,8,Mr,Business
671,0,2,Passenger_671,female,14.7,4,0,TKT86396,35.59,C85,Q,5,Mr,Business
672,1,2,Passenger_672,male,24.6,0,2,TKT35279,133.73,C123,C,3,Master,Economy
673,0,3,Passenger_673,male,39.7,3,3,TKT48106,31.83,D56,Q,7,Master,Business
674,0,3,Passenger_674,female,41.9,4,1,TKT89737,54.7,,S,6,Master,Business
675,0,2,Passenger_675,female,25.9,1,1,TKT50544,249.59,,S,3,Mrs,Economy
676,1,3,Passenger_676,female,29.0,1,3,TKT18997,137.63,,Q,5,Miss,Business
677,0,3,Passenger_677,female,8.7,3,0,TKT95711,74.59,,S,4,Miss,First
678,0,2,Passenger_678,female,,0,0,TKT50860,248.72,D56,C,1,Mr,Business
679,1,2,Passenger_679,male,42.5,4,2,TKT13225,241.81,,C,7,Mrs,Economy
680,1,1,Passenger_680,female,38.1,0,1,TKT69470,112.98,,Q,2,Master,First
681,1,1,Passenger_681,male,37.0,1,3,TKT73656,68.8,C85,Q,5,Mr,First
682,0,3,Passenger_682,male,30.7,4,0,TKT61880,210.41,nan,Q,5,Mrs,Business
683,0,1,Passenger_683,female,30.1,0,2,TKT71078,180.33,,S,3,Mr,First
684,1,3,Passenger_684,female,20.8,2,1,TKT98646,173.3,D56,S,4,Mrs,Economy
685,1,3,Passenger_685,female,39.8,3,1,TKT86290,223.81,,C,5,Mrs,First
686,0,1,Passenger_686,male,,3,2,TKT66633,173.91,E46,S,6,Miss,Business
687,0,3,Passenger_687,female,36.9,2,2,TKT36655,74.53,C85,C,5,Mr,Business
688,0,2,Passenger_688,female,22.6,1,0,TKT53601,175.0,E46,S,2,Master,First
689,1,3,Passenger_689,female,1.0,4,3,TKT13114,79.92,B28,C,8,Miss,Economy
690,0,3,Passenger_690,female,45.4,3,1,TKT36502,191.01,,Q,5,Miss,Economy
691,0,3,Passenger_691,female,23.3,2,3,TKT59768,156.84,nan,S,6,Master,Business
692,0,3,Passenger_692,male,,2,1,TKT58128,23.97,,C,4,Mrs,Business
693,0,1,Passenger_693,male,,1,1,TKT30028,130.64,C85,S,3,Master,Economy
694,0,3,Passenger_694,male,24.5,1,3,TKT65565,89.11,,Q,5,Mr,First
695,0,3,Passenger_695,female,,0,2,TKT93123,85.5,C85,C,3,Master,First
696,0,3,Passenger_696,female,38.6,3,0,TKT45333,152.55,C123,S,4,Mrs,First
697,0,3,Passenger_697,female,39.6,0,1,TKT13174,83.97,,S,2,Master,First
698,0,3,Passenger_698,male,10.9,2,2,TKT45398,195.34,C85,Q,5,Mrs,Economy
699,0,1,Passenger_699,female,47.0,4,1,TKT45929,22.34,E46,Q,6,Mrs,Business
700,0,1,Passenger_700,female,33.7,4,0,TKT14321,166.8,C123,C,5,Mr,Business
701,0,3,Passenger_701,female,24.8,1,1,TKT65421,203.25,,S,3,Master,First
702,0,2,Passenger_702,male,32.0,4,0,TKT82635,169.84,,S,5,Master,Economy
703,0,3,Passenger_703,female,5.1,4,0,TKT33760,126.82,B28,Q,5,Mr,Economy
704,0,3,Passenger_704,male,35.7,4,1,TKT21360,237.83,,Q,6,Mrs,First
705,0,2,Passenger_705,female,15.6,2,1,TKT20313,78.48,C85,C,4,Master,First
706,1,1,Passenger_706,male,11.1,4,0,TKT95998,9.7,E46,S,5,Mr,First
707,0,3,Passenger_707,male,8.7,4,2,TKT15801,110.84,B28,S,7,Mrs,Business
708,1,2,Passenger_708,male,45.6,4,3,TKT24130,13.09,nan,C,8,Mr,First
709,0,3,Passenger_709,female,21.2,0,0,TKT24271,238.71,,C,1,Master,Business
710,1,2,Passenger_710,female,51.5,2,1,TKT26075,56.43,C123,Q,4,Mr,Economy
711,1,3,Passenger_711,male,22.5,1,1,TKT28984,198.29,nan,Q,3,Miss,Economy
712,0,1,Passenger_712,male,6.1,0,2,TKT98095,194.77,,C,3,Mrs,Business
713,0,3,Passenger_713,female,14.4,3,3,TKT70942,58.34,,C,7,Miss,Business
714,0,3,Passenger_714,female,47.3,2,0,TKT22861,157.2,,S,3,Miss,Business
715,0,3,Passenger_715,male,27.8,2,0,TKT92203,16.78,E46,C,3,Mrs,Business
716,1,1,Passenger_716,female,22.3,3,3,TKT81376,123.48,,C,7,Mrs,First
717,1,3,Passenger_717,female,32.2,3,0,TKT71247,8.59,nan,S,4,Mr,Economy
718,1,3,Passenger_718,female,37.0,3,3,TKT79101,230.68,,C,7,Mrs,First
719,0,1,Passenger_719,female,,1,1,TKT30977,244.14,,Q,3,Miss,Business
720,1,1,Passenger_720,male,50.3,4,3,TKT60617,59.46,,Q,8,Miss,First
721,1,1,Passenger_721,female,25.0,2,0,TKT67473,55.99,E46,S,3,Master,First
722,0,3,Passenger_722,female,11.4,4,3,TKT96654,189.66,,C,8,Mrs,Economy
723,0,3,Passenger_723,male,24.2,4,2,TKT98177,67.08,C123,Q,7,Miss,First
724,1,3,Passenger_724,male,33.6,3,1,TKT82902,224.29,,Q,5,Master,Economy
725,0,1,Passenger_725,female,,1,1,TKT25630,145.61,,Q,3,Master,Business
726,1,2,Passenger_726,female,16.6,0,3,TKT30056,90.94,C85,,4,Mr,First
727,0,3,Passenger_727,female,34.8,1,0,TKT17382,209.01,nan,C,2,Miss,Business
728,1,3,Passenger_728,female,29.3,4,2,TKT65739,125.88,,C,7,Mr,Economy
729,0,3,Passenger_729,male,30.5,1,1,TKT91685,228.35,,C,3,Miss,Business
730,0,1,Passenger_730,male,19.4,3,1,TKT58639,232.36,D56,C,5,Mr,Business
731,0,3,Passenger_731,male,26.8,0,0,TKT69838,45.53,,Q,1,Mr,Economy
732,1,2,Passenger_732,female,17.1,3,0,TKT56041,5.57,C85,S,4,Mrs,Business
733,1,2,Passenger_733,female,42.5,0,2,TKT10992,246.06,B28,S,3,Mr,Business
734,0,3,Passenger_734,female,44.5,4,3,TKT82394,227.0,C85,Q,8,Mrs,Business
735,0,3,Passenger_735,female,,0,0,TKT77657,18.58,D56,Q,1,Master,First
736,1,3,Passenger_736,male,17.0,0,3,TKT37160,209.09,,S,4,Miss,Business
737,0,1,Passenger_737,male,9.0,0,2,TKT55156,117.16,,S,3,Master,Economy
738,1,1,Passenger_738,female,20.9,1,3,TKT61375,68.45,,Q,5,Miss,First
739,0,3,Passenger_739,male,28.8,1,1,TKT96442,220.29,,Q,3,Master,First
740,0,3,Passenger_740,female,9.7,4,3,TKT29572,53.18,,C,8,Miss,Economy
741,0,2,Passenger_741,female,17.1,0,2,TKT14136,237.09,,C,3,Mr,Business
742,0,1,Passenger_742,male,15.9,2,2,TKT71868,55.38,,S,5,Miss,First
743,1,1,Passenger_743,female,32.9,4,2,TKT92263,155.35,E46,Q,7,Miss,First
744,0,3,Passenger_744,female,31.0,0,3,TKT42167,59.66,C85,S,4,Master,First
745,0,1,Passenger_745,male,19.9,0,1,TKT25479,138.69,D56,C,2,Master,Business
746,1,2,Passenger_746,female,32.5,1,0,TKT41376,172.57,C85,C,2,Master,First
747,0,1,Passenger_747,female,22.3,4,1,TKT14823,51.61,B28,S,6,Mrs,Economy
748,0,2,Passenger_748,male,26.2,0,3,TKT80456,132.62,,C,4,Mrs,Business
749,1,1,Passenger_749,female,53.4,0,3,TKT29585,119.92,nan,Q,4,Miss,Economy
750,1,3,Passenger_750,male,,4,0,TKT27272,22.4,,S,5,Miss,Economy
751,0,1,Passenger_751,female,11.8,2,3,TKT36619,,C85,Q,6,Mr,First
752,1,3,Passenger_752,male,41.6,4,2,TKT85069,87.24,C85,Q,7,Mr,First
753,1,1,Passenger_753,male,41.4,4,2,TKT49895,145.77,C85,C,7,Miss,First
754,0,3,Passenger_754,male,13.9,2,2,TKT13720,131.12,,Q,5,Mrs,Economy
755,0,3,Passenger_755,female,41.5,4,2,TKT29267,130.75,,S,7,Miss,Business
756,1,3,Passenger_756,male,51.5,0,2,TKT25696,31.27,,Q,3,Mr,First
757,1,3,Passenger_757,male,14.3,4,3,TKT39968,108.75,,Q,8,Mrs,First
758,0,2,Passenger_758,male,17.2,2,0,TKT63364,115.83,,Q,3,Mrs,Economy
759,1,2,Passenger_759,male,44.2,3,0,TKT33345,184.74,C85,Q,4,Mr,Business
760,1,3,Passenger_760,male,33.8,4,2,TKT61567,210.8,C85,Q,7,Miss,Economy
761,0,3,Passenger_761,female,37.7,1,3,TKT71607,138.52,,C,5,Master,First
762,0,3,Passenger_762,female,34.8,0,1,TKT29385,26.26,,S,2,Miss,Economy
763,0,3,Passenger_763,female,35.5,0,1,TKT93658,63.03,nan,C,2,Miss,First
764,1,3,Passenger_764,female,11.4,1,3,TKT76900,45.41,,S,5,Mr,Business
765,0,3,Passenger_765,female,44.7,1,2,TKT78244,35.53,B28,S,4,Mrs,Economy
766,0,1,Passenger_766,female,46.4,4,0,TKT75425,94.65,,S,5,Mr,First
767,1,3,Passenger_767,female,26.8,1,3,TKT88518,61.2,C123,S,5,Miss,First
768,1,3,Passenger_768,male,29.4,3,1,TKT92844,58.48,,S,5,Master,First
769,0,1,Passenger_769,female,8.6,2,1,TKT42919,18.4,,Q,4,Master,First
770,1,3,Passenger_770,male,37.2,1,1,TKT67196,9.33,nan,C,3,Master,Economy
771,0,1,Passenger_771,male,38.0,1,2,TKT89401,30.18,B28,,4,Mr,First
772,1,3,Passenger_772,female,29.1,3,1,TKT10495,47.19,D56,Q,5,Mrs,Economy
773,0,1,Passenger_773,male,45.7,0,3,TKT54755,110.59,,S,4,Mr,First
774,0,3,Passenger_774,male,25.3,0,3,TKT77684,130.08,,C,4,Master,Economy
775,1,3,Passenger_775,male,37.9,4,1,TKT43324,39.45,,Q,6,Miss,Economy
776,0,2,Passenger_776,male,15.7,3,3,TKT88929,109.07,D56,Q,7,Mrs,First
777,0,3,Passenger_777,female,29.7,2,1,TKT11552,88.73,,C,4,Mr,First
778,1,3,Passenger_778,female,,2,1,TKT61272,49.94,,C,4,Mr,First
779,1,3,Passenger_779,female,33.2,3,0,TKT45853,6.68,E46,,4,Mrs,First
780,1,1,Passenger_780,female,24.8,2,2,TKT42924,119.42,,S,5,Mrs,Business
781,1,2,Passenger_781,female,28.2,0,2,TKT84462,172.98,B28,C,3,Miss,First
782,0,1,Passenger_782,female,41.6,2,0,TKT33889,60.44,,S,3,Mrs,First
783,0,3,Passenger_783,female,23.9,2,0,TKT64675,37.29,,Q,3,Miss,First
784,0,3,Passenger_784,female,7.5,3,2,TKT83591,222.33,,S,6,Master,Economy
785,0,3,Passenger_785,female,54.5,3,1,TKT80190,72.38,,S,5,Master,First
786,1,3,Passenger_786,female,49.3,2,1,TKT32634,59.79,C123,Q,4,Mr,Economy
787,0,3,Passenger_787,male,11.9,1,2,TKT42363,214.99,,S,4,Master,Economy
788,0,3,Passenger_788,female,39.7,3,1,TKT73752,205.19,E46,Q,5,Master,Economy
789,0,1,Passenger_789,male,23.0,4,0,TKT87004,114.84,,S,5,Miss,Economy
790,1,3,Passenger_790,male,33.7,4,1,TKT66398,124.86,,C,6,Mr,Business
791,0,1,Passenger_791,male,34.1,0,1,TKT50718,58.35,C123,S,2,Mrs,First
792,0,3,Passenger_792,male,26.7,2,3,TKT92916,24.18,nan,C,6,Mr,Economy
793,0,3,Passenger_793,female,19.0,1,3,TKT36870,145.49,,C,5,Master,First
794,0,3,Passenger_794,male,20.3,0,3,TKT47394,29.09,C85,C,4,Mrs,Economy
795,0,1,Passenger_795,female,17.2,2,1,TKT62057,115.07,,C,4,Mr,Business
796,1,2,Passenger_796,female,,3,2,TKT89795,235.42,C123,C,6,Mr,Economy
797,1,2,Passenger_797,male,29.1,4,0,TKT90409,238.44,D56,Q,5,Mr,First
798,0,2,Passenger_798,female,20.0,1,1,TKT23016,63.64,,Q,3,Mr,First
799,1,1,Passenger_799,male,39.5,4,2,TKT52137,157.91,B28,Q,7,Miss,Business
800,1,3,Passenger_800,male,50.8,3,1,TKT10153,121.15,C85,C,5,Mr,First
801,1,3,Passenger_801,female,21.9,2,0,TKT17853,219.54,,S,3,Master,First
802,0,2,Passenger_802,female,33.4,3,1,TKT22379,71.5,C85,Q,5,Master,Economy
803,0,2,Passenger_803,male,37.0,3,0,TKT25792,5.91,,S,4,Miss,First
804,0,2,Passenger_804,female,36.6,4,1,TKT48367,44.83,,S,6,Mrs,Economy
805,0,3,Passenger_805,female,,1,0,TKT28100,90.63,,C,2,Mrs,Business
806,1,3,Passenger_806,female,,3,1,TKT73456,82.35,,C,5,Master,First
807,1,3,Passenger_807,male,36.8,4,0,TKT21049,198.88,,C,5,Master,Economy
808,1,3,Passenger_808,male,12.7,1,3,TKT10786,171.74,B28,Q,5,Miss,First
809,0,3,Passenger_809,female,42.2,2,1,TKT79904,78.39,,C,4,Mrs,Economy
810,0,3,Passenger_810,female,42.4,2,1,TKT40699,117.15,,Q,4,Mrs,Business
811,1,1,Passenger_811,female,,0,2,TKT57691,28.41,,,3,Mr,Economy
812,1,3,Passenger_812,female,30.5,4,2,TKT47040,225.05,,Q,7,Mr,First
813,0,1,Passenger_813,female,39.6,1,0,TKT67986,234.18,B28,Q,2,Mr,Economy
814,1,3,Passenger_814,male,27.1,3,1,TKT48762,245.05,D56,C,5,Miss,First
815,1,2,Passenger_815,female,45.0,2,0,TKT33600,217.8,,Q,3,Master,Business
816,0,3,Passenger_816,male,63.1,1,3,TKT29810,47.62,,C,5,Miss,Economy
817,0,3,Passenger_817,female,19.0,4,2,TKT95703,16.32,,C,7,Mrs,First
818,0,3,Passenger_818,male,10.7,0,0,TKT97347,147.0,C85,Q,1,Master,First
819,0,3,Passenger_819,female,34.3,2,0,TKT67204,228.59,D56,C,3,Mr,First
820,0,2,Passenger_820,male,40.1,1,2,TKT30085,48.45,,S,4,Miss,Economy
821,1,1,Passenger_821,female,26.8,1,1,TKT56854,6.73,,C,3,Miss,Economy
822,0,2,Passenger_822,male,50.3,1,0,TKT84797,202.35,D56,C,2,Mr,Economy
823,0,1,Passenger_823,male,11.3,4,2,TKT94269,23.81,,Q,7,Miss,Business
824,0,3,Passenger_824,male,,4,1,TKT49779,106.36,,Q,6,Mr,First
825,0,2,Passenger_825,male,21.5,4,3,TKT66207,171.33,,C,8,Mrs,First
826,1,3,Passenger_826,male,54.1,3,2,TKT43980,63.02,D56,Q,6,Master,Business
827,0,3,Passenger_827,male,57.9,1,0,TKT66117,25.57,,S,2,Mrs,Business
828,0,3,Passenger_828,female,19.3,2,3,TKT24141,193.66,B28,S,6,Mrs,Economy
829,1,1,Passenger_829,male,22.3,4,1,TKT19344,159.39,E46,Q,6,Mr,Economy
830,0,3,Passenger_830,female,,4,1,TKT25896,247.18,,C,6,Miss,Economy
831,0,3,Passenger_831,female,24.6,1,2,TKT99353,89.36,,S,4,Mrs,Economy
832,0,3,Passenger_832,female,29.4,4,2,TKT39813,20.13,,,7,Mrs,Economy
833,0,3,Passenger_833,female,,3,2,TKT94431,184.92,nan,C,6,Mrs,Economy
834,0,3,Passenger_834,female,,3,1,TKT75679,132.82,,Q,5,Miss,Business
835,0,1,Passenger_835,male,29.8,4,3,TKT20681,57.23,,S,8,Miss,Business
836,0,3,Passenger_836,male,20.3,1,1,TKT82903,196.52,D56,C,3,Mr,Business
837,1,2,Passenger_837,male,23.1,1,0,TKT13228,54.92,D56,C,2,Mrs,First
838,0,1,Passenger_838,female,50.2,1,1,TKT14582,68.86,,S,3,Master,First
839,0,2,Passenger_839,male,,0,0,TKT88683,27.67,,Q,1,Miss,Economy
840,1,1,Passenger_840,male,41.4,4,3,TKT21397,102.86,nan,,8,Mr,Business
841,0,1,Passenger_841,male,26.1,1,2,TKT48799,107.64,,C,4,Mrs,First
842,1,1,Passenger_842,male,26.1,3,2,TKT47011,131.07,,S,6,Master,First
843,0,3,Passenger_843,male,41.1,2,1,TKT89183,178.7,E46,Q,4,Miss,Business
844,1,3,Passenger_844,female,,2,2,TKT54264,226.99,C85,C,5,Master,First
845,0,3,Passenger_845,male,38.0,1,3,TKT52317,38.74,,Q,5,Miss,First
846,0,2,Passenger_846,female,43.6,2,2,TKT57914,18.32,,S,5,Mr,Business
847,0,2,Passenger_847,female,25.4,2,1,TKT94633,,,S,4,Master,First
848,1,3,Passenger_848,female,21.4,0,3,TKT55254,40.19,,Q,4,Mrs,Business
849,0,2,Passenger_849,female,14.8,3,0,TKT50096,166.2,,S,4,Mrs,First
850,0,1,Passenger_850,female,18.4,3,1,TKT63785,183.23,nan,Q,5,Miss,Business
851,0,3,Passenger_851,male,71.3,0,0,TKT62344,197.69,E46,S,1,Mrs,First
852,1,1,Passenger_852,male,47.4,0,3,TKT92643,64.71,,Q,4,Master,First
853,0,3,Passenger_853,male,11.1,2,1,TKT78546,79.94,,Q,4,Mr,Business
854,1,3,Passenger_854,female,11.5,4,1,TKT81091,123.37,,C,6,Miss,First
855,0,1,Passenger_855,male,36.7,2,3,TKT75603,20.48,C85,C,6,Master,Business
856,0,1,Passenger_856,male,37.7,0,2,TKT38412,154.73,E46,Q,3,Miss,Business
